article,singular,plural,translation
das,Jahr,-e,year
das,Mal,-e,time
das,Beispiel,-e,example
die,Zeit,-en,time (hour)
die,Frau,-en,"woman, wife, Mrs."
der,Mensch,-en,"human being, man"
das,Deutsch,Sg.,German
das,Kind,-er,child
der,Tag,-e,day
der,Mann,-"er,man
das,Land,-"er,"land, country, state"
die,Frage,-n,question
das,Haus,-"er,house
der,Fall,-"e,"fall, case"
die,Leute,Pl.,people
die,Arbeit,-en,work
das,Prozent,-e,percent
die,Hand,-"e,hand
die,Stadt,-"e,"city, town"
der,Herr,-en,"man, Mr."
der/das,Teil,-e,part
das,Problem,-e,problem
die,Welt,-en,world
das,Recht,-e,"right, law"
das,Ende,-n,end
die,Million,-en,million
die,Schule,-n,school
die,Woche,-n,week
der,Vater,-",father
die,Seite,-n,"side, page"
das,Leben,-,life
die,Mutter,-",mother
der,Grund,-"e,"reason, basis"
das,Auge,-n,eye
das,Wort,-"er,word
das,Geld,-er,money
die,Art,-en,"type, kind"
der,Bereich,-e,"area, region"
der,Weg,-e,"path, way"
die,Stunde,-n,hour
der,Name,-n,name
die,Geschichte,-n,"history, story"
die,Gesellschaft,-en,"society, company"
der,Kopf,-"e,head
das,Paar,-e,"pair, couple"
die,Möglichkeit,-en,possibility
das,Unternehmen,-,"enterprise, company"
das,Bild,-er,picture
das,Buch,-"er,book
das,Wasser,-,water
die,Stelle,-n,place
die,Form,-en,"form, shape"
die,Entwicklung,-en,development
der,Monat,-e,month
die,Familie,-n,family
der,Morgen,-,morning
der,Abend,-e,evening
die,Aufgabe,-n,"task, assignment, job"
die,Universität,-en,university
der,Sinn,-e,"sense, meaning"
der,Staat,-en,state
das,Ziel,-e,"destination, goal"
der,Freund,-e,friend
das,Thema,die Themen,"subject, topic, theme"
die,Person,-en,person
der,Euro,-,euro
die,Nacht,-"e,night
das,Ding,-e,thing
der,Raum,-"e,"room, space"
der,Blick,-e,"look, view, glance"
der,Platz,-"e,"place, room, square"
die,Zahl,-en,number
das,System,-e,system
die,Uhr,-en,"clock, watch, o'clock"
die,Eltern,Pl.,parents
die,Straße,-n,street
die,Minute,-n,minute
die,Gruppe,-n,group
der,Wert,-e,value
das,Gesicht,-er,face
die,Sprache,-n,language
der,Anfang,-"e,beginning
der,Ort,-e,"place, town, location"
der,Moment,-e,moment
die,Folge,-n,"result, consequence"
das,Interesse,-n,interest
die,Milliarde,-n,billion
die,Rolle,-n,role
die,Tür,-en,door
der,Schüler,-,"pupil, student"
die,Bedeutung,-en,"meaning, significance"
der,Text,-e,text
das,Ergebnis,-se,result
der,Krieg,-e,war
die,Weise,-n,"way, manner"
die,Regierung,-en,"rule, government"
das,Stück,-e,piece
die,Wohnung,-en,apartment
das,Gespräch,-e,conversation
der,Meter,-,meter
der,Punkt,-e,"dot, point, period"
die,Situation,-en,situation
der,Lehrer,-,teacher
der,Preis,-e,"price, prize"
die,Abbildung,-en,illustration
der,Begriff,-e,"concept, idea, term"
die,Funktion,-en,function
der,Boden,-","ground, floor, bottom"
das,Jahrhundert,-e,century
der,Sohn,-"e,son
das,Werk,-e,work
die,Stimme,-n,"voice, vote"
der,Rahmen,-,"frame, framework"
die,Richtung,-en,direction
das,Programm,-e,program
die,Angst,-"e,"fear, anxiety"
die,Information,-en,information
die,Kunst,-"e,art
die,Musik,-en,music
die,Politik,-en,politics
der,Beruf,-e,"occupation, job, profession"
die,Regel,-n,rule
der,Schritt,-e,step
der,Absatz,-"e,"sales, paragraph, heel"
der,Gott,-"er,god
das,Auto,-s,"automobile, car"
die,Beziehung,-en,"relation, relationship"
die,Erfahrung,-en,experience
der,Tisch,-e,table
die,Zukunft,-"e,future
das,Spiel,-e,game
das,Gefühl,-e,feeling
das,Licht,-er,light
der,Präsident,-en,president
der,Markt,-"e,market
die,Bank,-"e,"bank, bench"
die,Partei,-en,political party
die,Tochter,-",daughter
das,Verhältnis,-se,relationship
die,Kirche,-n,church
der,Film,-e,film
der,Gedanke,-n,thought
der,Doktor,-en,doctor
das,Mädchen,-,girl
die,Entscheidung,-en,decision
der,Prozess,-e,"trial, process"
der,Betrieb,-e,"business, operation"
der,Zusammenhang,-"e,"connection, context"
das,Gesetz,-e,law
der,Arm,-e,arm
die,Firma,die Firmen,"firm, company"
die,Kraft,-"e,"strength, power"
der,Student,-en,student
das,Zuhause,Sg.,home
die,Chance,-n,chance
die,Zeitung,-en,newspaper
der,Erfolg,-e,success
die,Grenze,-n,"border, frontier"
der,Satz,-"e,sentence
das,Angebot,-e,offer
das,Internet,Sg.,internet
die,Kultur,-en,culture
die,Lage,-n,"situation, location"
die,Leistung,-en,performance
das,Mitglied,-er,member
das,Projekt,-e,project
das,Zimmer,-,room
der,Chef,-s,"head, leader, boss"
der,Zug,-"e,train
der,Arzt,-"e,"physician, doctor"
das,Auftreten,Sg.,"behavior, conduct, occurrence"
der,Fuß,-"e,foot
der,Körper,-,body
die,Klasse,-n,class
die,Lösung,-en,solution
das,Verhalten,-,behavior
die,Höhe,-n,"height, altitude"
der,Junge,-n,boy
das,Fenster,-,window
die,Luft,-"e,air
die,Meinung,-en,opinion
die,Idee,-n,idea
das,Produkt,-e,product
das,Studium,die Studien,"study, studies"
der,Vergleich,-e,comparison
das,Mittel,-,means
das,Modell,-e,model
die,Natur,-en,nature
das,Bett,-en,bed
der,Kunde,-n,"customer, client"
der,Mitarbeiter,-,"employee, co-worker"
der,Tod,-e,death
das,Geschäft,-e,business
der,Spaß,-"e,fun
die,Wirtschaft,-en,"economy, commerce"
das,Tier,-e,animal
die,Bewegung,-en,"movement, motion"
der,Gast,-"e,guest
die,Sicherheit,-en,"security, safety"
der,Einsatz,-"e,"inset, deployment"
das,Gebiet,-e,"region, area"
der,Dank,Sg.,gratefulness
das,Dorf,-"er,village
der,Kollege,-n,colleague
die,Angabe,-n,"information, statement"
der,Bruder,-",brother
die,Verfügung,-en,disposal
das,Fach,-"er,"compartment, subject"
das,Herz,-en,heart
der,Kontakt,-e,contact
die,Menge,-n,"quantity, amount"
der,Sommer,-,summer
der,Unterschied,-e,difference
der,Anspruch,-"e,claim
die,Antwort,-en,"answer, reply"
die,Verbindung,-en,"connection, link"
die,Vorstellung,-en,"idea, introduction"
die,Anwendung,-en,"application, use"
das,Alter,-,age
die,Kosten,Pl.,"costs, expenses"
der,Patient,-en,patient
die,Polizei,-en,police
das,Theater,-,theater
die,Ausbildung,-en,"training, development"
die,Gefahr,-en,danger
das,Gerät,-e,"tool, piece of equipment, appliance"
der,Kilometer,-,kilometer
die,Hilfe,-n,help
der,Computer,-,computer
der,Dollar,-,dollar
das,Verfahren,-,"method, process, technique"
der,Vertrag,-"e,contract
die,Maßnahme,-n,measure
die,Mitte,-n,middle
die,Ordnung,-en,"order, tidiness"
der,Stoff,-e,"material, substance"
der,Beginn,-e,beginning
das,Glück,Sg.,"luck, fortune"
das,Wochenende,-n,weekend
der,Professor,-en,professor
die,Reihe,-n,"row, line"
der,Westen/West,Sg.,west
die,Bevölkerung,-en,"population, people"
das,Institut,-e,institute
der,Osten/Ost,Sg.,east
die,Schwester,-n,sister
die,Erde,-n,"earth, ground, soil"
die,Ebene,-n,"plane, level"
die,Reise,-n,"journey, trip"
die,Einheit,-en,"unity, unit"
das,Haar,-e,hair
das,Lächeln,-,smile
die,Nähe,Sg.,"vicinity, proximity"
das,Prinzip,-ien,principle
der,Vorteil,-e,advantage
die,Struktur,-en,structure
der,Autor,-en,author
die,Bedingung,-en,"condition, stipulation"
das,Risiko,die Risiken,risk
die,Wahl,-en,"choice, election"
die,Wirkung,-en,effect
der,Brief,-e,letter
die,Größe,-n,"size, height"
die,Medien,Pl.,media
die,Macht,-"e,"power, strength"
die,Untersuchung,-en,"examination, investigation"
die,Veränderung,-en,change
die,Daten,Pl.,data
der,Einfluss,-"e,influence
die,Methode,-n,method
die,Organisation,-en,organization
die,Liebe,-n,love
die,Rede,-n,"speech, talk"
der,Sport,-e,sport
der,Augenblick,-e,moment
die,Diskussion,-en,"discussion, debate"
die,Forderung,-en,"demand, claim"
der,Kreis,-e,"circle, district"
die,Technik,-en,"technology, technique"
der,Versuch,-e,"attempt, experiment"
das,Schweigen,Sg.,silence
die,Krankheit,-en,"illness, disease"
die,Schwierigkeit,-en,difficulty
die,Tätigkeit,-en,activity
die,Voraussetzung,-en,"condition, requirement"
der,Kampf,-"e,"fight, struggle"
der,Künstler,-,artist
die,Region,-en,region
der,Eindruck,-"e,impression
die,Reaktion,-en,reaction
der,Beitrag,-"e,contribution
das,Konzept,-e,"draft, plan"
die,Linie,-n,line
der,Mund,-"er,mouth
der,Wunsch,-"e,wish
der,Artikel,-,article
der,Gegensatz,-"e,"opposite, contrast"
das,Kapitel,-,chapter
die,Literatur,-en,literature
der,Rücken,-,back
die,Zelle,-n,cell
die,Aussage,-n,statement
der,Bürger,-,citizen
der,Himmel,-,"sky, heaven"
der,Inhalt,-e,"contents, plot"
die,Wand,-"e,wall
die,Bibliothek,-en,library
die,Farbe,-n,color
der/die,Jugendliche,-,adolescent
das,Maß,-e,measure
der,Ansatz,-"e,"approach, attempt"
der,Aspekt,-e,aspect
das,Bein,-e,leg
die,Erinnerung,-en,memory
die,Kenntnis,-se,knowledge
der,Kurs,-e,"course, exchange rate"
das,Papier,-e,paper
die,Sekunde,-n,second
die,Sonne,-n,sun
der,Umstand,-"e,circumstance
die,Wissenschaft,-en,science
der,Garten,-",garden
die,Küche,-n,"kitchen, cuisine"
die,Wirklichkeit,-en,reality
der,Druck,-e,"pressure, printing"
das,Essen,-,"food, meal"
die,Grundlage,-n,basis
der,Zustand,-"e,"condition, state"
die,Hälfte,-n,half
das,Meer,-e,"sea, ocean"
der,Dienst,-e,"service, duty"
der,Gegenstand,-"e,object
der,Plan,-"e,plan
der,Zeitpunkt,-e,"moment, point in time"
der,Auftrag,-"e,"instructions, order, job"
der,Baum,-"e,tree
die,Freude,-n,joy
die,Gemeinde,-n,"community, municipality"
der,Hinweis,-e,hint
das,Netz,-e,"net, network"
die,Position,-en,position
der,Schluss,-"e,"end, conclusion"
die,Bundesrepublik,-en,Federal Republic
die,Forschung,-en,research
das,Glas,-"er,glass
die,Haut,-"e,skin
die,Praxis,die Praxen,"practice, doctor's office"
der,Wald,-"er,"forest, woods"
der,Ausdruck,-"e,"term, expression"
der,Finger,-,finger
die,Freundin,-nen,friend
der,Roman,-e,novel
die,Sicht,-en,"view, visibility"
die,Theorie,-n,theory
die,Umwelt,-en,environment
der,Haushalt,-e,"household, budget"
der,Hund,-e,dog
die,Maschine,-n,machine
die,Nummer,-n,number
der,Politiker,-,politician
das,Team,-s,team
der,Titel,-,title
der,Verein,-e,"association, club"
das,Fernsehen,Sg.,television
die,Schulter,-n,shoulder
die,Unterstützung,-en,support
das,Zeichen,-,sign
das,Material,-ien,material
die,Produktion,-en,production
der,Rest,-e,"rest, remains"
die,Ruhe,Sg.,"silence, peace"
der,Schaden,-",damage
der,Soldat,-en,soldier
die,Sorge,-n,worry
die,Tatsache,-n,fact
die,Umgebung,-en,surroundings
das,Volk,-"er,people
der,Wagen,-,"car, carriage"
der,Wind,-e,wind
der,Zweck,-e,purpose
der,Angriff,-e,attack
der,Antrag,-"e,application
der/das,Grad,-e,degree
der,Job,-s,job
die,Öffentlichkeit,Sg.,public
der,Schutz,-e,protection
der,Anteil,-e,"share, portion"
der/die,Beschäftigte,-,employee
der,Besuch,-e,visit
die,Energie,-n,energy
die,Erklärung,-en,explanation
der,Gang,-"e,"corridor, aisle, course"
der,Lauf,-"e,"course, running"
der,Unterricht,-e,"instruction, classes"
das,Zentrum,die Zentren,center
das,Amt,-"er,"office, department, function"
der,Anschlag,-"e,attack
das,Ausland,Sg.,foreign countries
die,Behandlung,-en,treatment
die,Einrichtung,-en,"institution, furnishings"
das,Feld,-er,field
die,Hochschule,-n,"college, university"
das,Hotel,-s,hotel
das,Publikum,die Publika,"public, audience"
die,Studie,-n,study
der/die,Vorsitzende,-n,chairperson
die,Analyse,-n,analysis
die,Spur,-en,"track, lane"
der,Berg,-e,"hill, mountain"
die,Erkenntnis,-se,"realization, discovery"
der,Faktor,-en,factor
der,Fehler,-,"mistake, error"
die,Freiheit,-en,freedom
die,Freizeit,-en,spare time
die,Gegend,-en,"area, region"
die,Kritik,-en,"criticism, review"
der,Partner,-,partner
der,See,-n,lake
die,See,-n,sea
der,Typ,-en,type
das,Ereignis,-se,event
die,Kontrolle,-n,inspection
das,Objekt,-e,object
das,Opfer,-,"sacrifice, victim"
der,Sprecher,-,speaker
der,Arbeitsplatz,-"e,"workplace, job"
die,Aufnahme,-n,"reception, recording, snapshot"
die,Fähigkeit,-en,"ability, capability"
die,Karte,-n,"card, ticket, menu"
der,Urlaub,-e,"vacation, holiday"
die,Verantwortung,-en,responsibility
die,Wahrheit,-en,truth
das,Gebäude,-,building
der,Gesellschafter,-,"associate, shareholder"
das,Jahrzehnt,-e,decade
der,Norden/Nord,Sg.,north
das,Ohr,-en,ear
die,Prüfung,-en,"examination, test"
die,Regelung,-en,"regulation, settlement"
das,Schiff,-e,ship
die,Ausstellung,-en,exhibition
der,Bezug,-"e,"reference, cover"
die,Bitte,-n,request
die,Hoffnung,-en,hope
der,Band,-"er,"volume, tome"
die,Band,-"er,band (musical)
das,Band,-"er,"ribbon, tape"
der,Bericht,-e,report
die,Einstellung,-en,"attitude, employment"
das,Gericht,-e,"court, dish"
der,Gewinn,-e,profit
der,König,-e,king
der,Sieg,-e,victory
die,Tat,-en,deed
der,Traum,-"e,dream
die,Union,-en,union
der,Besucher,-,visitor
der,Bund,-"e,"association, alliance"
der,Direktor,-en,director
die,Geographie,-n,geography
der,Hintergrund,-"e,background
die,Qualität,-en,quality
der,Rand,-"er,edge
die,Vergangenheit,-en,past
der,Abschnitt,-e,"portion, section"
der,Bauer,-n,farmer
die,Ehe,-n,marriage
die,Ursache,-n,cause
der,Verlust,-e,loss
der,Winter,-,winter
der,Zuschauer,-,spectator
die,Anzahl,Sg.,number
die,Insel,-n,island
das,Instrument,-e,instrument
die,Nachricht,-en,"news, message"
die,Pflanze,-n,plant
die,Störung,-en,"disturbance, interruption"
der,Vertreter,-,representative
der,Vorschlag,-"e,"suggestion, proposal"
der,Zentimeter,-,centimeter
der,Abstand,-"e,distance
die,Bildung,-en,education
die,Eigenschaft,-en,quality
die,Generation,-en,generation
der,Leiter,-n,leader
die,Leiter,-n,ladder
der,Abschluss,-"e,"end, conclusion"
das,Blatt,-"er,"sheet, leaf"
der,Geist,-er,"mind, spirit"
das,Interview,-s,interview
das,Semester,Sg.,semester
der,Stand,-"e,"stand, stage"
die,Tradition,-en,tradition
die,Anlage,-n,"sport complex, investment, attachment"
die,Behörde,-n,"department, authorities"
die,Bühne,-n,stage
die,Dame,-n,lady
das,Element,-e,element
die,Gelegenheit,-en,opportunity
der,Hof,-"e,"courtyard, yard"
die,Kommunikation,-en,communication
die,Mama,-s,mamma
das,Museum,die Museen,museum
die,Nutzung,-en,use
die,Basis,die Basen,basis
die,Ecke,-n,corner
der,Herbst,-e,autumn
das,Kriterium,die Kriterien,criterion
der,Terror,Sg.,terror
das,Verständnis,-se,understanding
die,Zusammenarbeit,-en,cooperation
die,Ansicht,-en,"opinion, view"
die,Auseinandersetzung,-en,"argument, quarrel"
die,Bahn,-en,"train, railway, way"
die,Bürgermeister,-,mayor
die,Definition,-en,definition
das,Flugzeug,-e,airplane
das,Foto,-s,photograph
die,Masse,-n,"mass, crowd"
die,Nation,-en,nation
die,Phase,-n,phase
der,Stein,-e,"rock, stone"
der,Ton,-e,"sound, tone, clay"
die,Veranstaltung,-en,event
die,Änderung,-en,change
die,Ausnahme,-n,exception
der,Bau,-ten,"construction, building"
das,Hobby,-s,hobby
der,Kaffee,-s,coffee
der,Konflikt,-e,conflict
die,Leitung,-en,"management, leadership, pipe"
die,Lust,-"e,desire
die,Mehrheit,-en,majority
der,Nachmittag,-e,afternoon
die,Rechnung,-en,"bill, calculation"
das,Schloss,-"er,"lock, castle"
die,Aktivität,-en,activity
das,Dach,-"er,roof
das,Fest,-e,"festival, celebration"
der,Kandidat,-en,candidate
die,Landschaft,-en,"landscape, countryside"
die,Mannschaft,-en,"crew, team"
die,Mauer,-n,wall
die,Runde,-n,round
der,Stern,-e,star
der,Experte,-n,expert
die,Gestalt,-en,"shape, form, figure"
der,Laden,-",shop
der,Meister,-,master
die,Stellung,-en,"position, standing"
der,Zugang,-"e,access
die,Branche,-n,"sector, line of business"
die,Figur,-en,figure
der,Frieden,Sg.,peace
die,Industrie,-n,industry
der,Umgang,-"e,"dealings, contact"
der,Vorgang,-"e,occurrence
das,Wachstum,Sg.,growth
das,Büro,-s,office
die,Darstellung,-en,"presentation, description"
der,Fußball,-"e,"soccer, football"
die,Gewalt,-en,"violence, force"
die,Institution,-en,institution
die,Katze,-n,cat
der,Konzern,-e,business group
das,Lager,-,"camp, storeroom"
die,Lehre,-n,"apprenticeship, lesson, doctrine"
das,Pferd,-e,horse
der,Rat,-"e,advice
der,Schatten,-,"shadow, shade"
die,Spitze,-n,"point, top, peak"
die,Strecke,-n,"distance, route"
die,Szene,-n,scene
die,Weltmeisterschaft,-en,world championship
das,Blut,-e,blood
die,Dauer,-n,length of time
das,Feuer,-,fire
das,Gymnasium,die Gymnasien,secondary school
die,Konsequenz,-en,consequence
die,Nase,-n,nose
der,Stuhl,-"e,chair
der,Süden/Süd,Sg.,south
das,Tor,-e,"gate, goal"
der,Verband,-"e,"association, bandage"
die,Aktie,-n,share
die,Aktion,-en,"action, campaign"
der,Anlass,-"e,"occasion, cause"
die,Ausgabe,-n,"distribution, edition, expenses"
der,Ausländer,-,foreigner
das,Bundesland,-"er,"state, province"
der,Club,-s,club
der,Fluss,-"e,river
die,Führung,-en,"management, leadership, command"
die,Geschwindigkeit,-en,speed
das,Gut,-"er,"estate, goods"
die,Medizin,-en,medicine
der,Nachbar,-n,neighbor
die,Software,-s,software
die,Stufe,-n,"step, level"
das,Telefon,-e,telephone
der,Terrorismus,Sg.,terrorism
der,Trainer,-,coach
der,Zweifel,-,doubt
die,Anforderung,-en,"request, demand"
das,Bad,-"er,"bath, bathroom, spa"
die,Belastung,-en,"load, strain"
der,Bus,-se,bus
der,Effekt,-e,effect
die,Messe,-n,"trade fair, mass"
der,Umfang,-"e,"circumference, size, extent"
die,Vorschrift,-en,"instruction, regulation"
das,Fahrrad,-"er,bicycle
die,Kommission,-en,"commission, committee"
das,Krankenhaus,-"er,hospital
der,Mangel,-","lack, shortage, defect"
der,Richter,-,judge
der,Terrorist,-en,terrorist
das,Urteil,-e,"sentence, judgement"
der,Anbieter,-,supplier
die,Decke,-n,"ceiling, blanket"
der,Fisch,-e,fish
das,Fleisch,Sg.,"meat, flesh"
die,Jugend,Sg.,youth
der,Schmerz,-en,"pain, grief"
die,Schuld,-en,guilt
die,Stimmung,-en,"mood, atmosphere"
die,Tasche,-n,"pocket, bag"
der,Wein,-e,wine
die,Welle,-n,wave
der,Wettbewerb,-e,competition
das,Wetter,-,weather
die,Alternative,-n,alternative
die,Auswirkung,-en,effect
das,Bedürfnis,-se,need
die,Haltung,-en,"posture, attitude"
der,Leser,-,reader
die,Tante,-n,aunt
die,Temperatur,-en,temperature
die,Waffe,-n,weapon
die,Ware,-n,goods
die,Ahnung,-en,"suspicion, idea"
die,Brust,-"e,"breast, chest"
die,Einführung,-en,introduction
die,Fahrt,-en,"drive, trip"
die,Förderung,-en,"support, sponsorship"
das,Kleid,-er,dress
die,Koalition,-en,coalition
die,Länge,-n,length
das,Loch,-"er,hole
der,Manager,-,manager
die,Quelle,-n,"source, spring"
der,Regen,Sg.,rain
die,Religion,-en,religion
der,Spieler,-,player
die,Summe,-n,sum
der,Termin,-e,"appointment, date"
der,Test,-s,test
der,Tourist,-en,tourist
der,Umsatz,-"e,"turnover, sales"
das,Vertrauen,Sg.,"trust, faith"
die,Verwendung,-en,use
der,Vorwurf,-"e,"reproach, accusation"
der,Wissenschaftler,-,"scholar, scientist"
das,Bier,-e,beer
die,Bundesregierung,-en,federal government
das,Konzert,-e,concert
die,Krise,-n,crisis
die,Landwirtschaft,-en,agriculture
das,Leid,Sg.,"sorrow, grief"
das,Lied,-er,song
das,Merkmal,-e,feature
das,Parlament,-e,parliament
die,Pause,-n,"pause, break"
die,Perspektive,-n,"perspective, prospects"
das,Phänomen,-e,phenomenon
die,Realität,-en,reality
die,Suche,-n,search
der,Weltkrieg,-e,world war
der,Arbeitgeber,-,employer
der,Aufbau,-ten,"construction, structure"
die,Bestimmung,-en,"regulation, purpose, fate"
die,Botschaft,-en,message
das,Brot,-e,bread
die,Flasche,-n,bottle
die,Formel,-n,formula
der,Fortschritt,-e,progress
der,Geburtstag,-e,birthday
die,Gegenwart,Sg.,present
die,Hauptstadt,-"e,capital city
die,Mühe,-n,"effort, trouble"
die,Nachfrage,-n,demand
die,Pflicht,-en,duty
der,Studiengang,Sg.,course of study
der,Teilnehmer,-,participant
der,Wille,-n,will
die,Debatte,-n,debate
die,Fremdsprache,-n,foreign language
der,Gegner,-,"opponent, competitor, enemy"
die,Hinsicht,-en,respect
der,Käufer,-,buyer
das,Kilogramm,-e,kilogram
die,Verwaltung,-en,administration
die,Weile,-n,while
die,Adresse,-n,address
der,Betrag,-"e,amount
der,Hals,-"e,"neck, throat"
die,Heimat,-en,"home, homeland"
der,Kauf,-"e,purchase
das,Kino,-s,"cinema, movie theater"
die,Konkurrenz,-en,competition
die,Mathematik,Sg.,mathematics
die,Schicht,-en,"layer, class"
der,Schwerpunkt,-e,"main emphasis, center of gravity"
der,Streit,-e,"argument, fight"
die,Verhandlung,-en,negotiation
der,Ablauf,-"e,"expiry, action"
der,Arbeitnehmer,-,employee
das,Drittel,-,third
der/die,Erwachsene,-,"adult, grown-up"
der,Fahrer,-,driver
das,Gegenteil,-e,opposite
die,Gemeinschaft,-en,community
die,Gewerkschaft,-en,trade union
der,Handel,-",trade
der,Kanzler,-,chancellor
das,Management,-s,management
der,Millimeter,-,millimeter
der,Minister,-,minister
der,Nachteil,-e,disadvantage
die,Platte,-n,"disk, record, plate"
der,Sitz,-e,"seat, headquarters"
der,Start,-s,"start, take-off, launch"
die,Tabelle,-n,"table, chart"
der,Tourismus,Sg.,tourism
der,Verdacht,-e,suspicion
der,Vogel,-",bird
der,Widerstand,-"e,"resistance, opposition"
der/die,Beamte,-,"official, civil servant"
die,Investition,-en,investment
die,Planung,-en,"planning, plan"
der,Polizist,-en,policeman
der,Schriftsteller,-,writer
die,Stärke,-n,strength
die,Steuer,-n,tax
das,Steuer,-n,"steering wheel, helm"
die,Therapie,-n,therapy
die,Überlegung,-en,"thought, thinking"
der,Verkehr,-e,traffic
die,Verletzung,-en,injury
der/die,Abgeordnete,Sg.,"member of the parliament, congress"
der,Anschluss,-"e,connection
die,Armee,-n,army
die,Atmosphäre,-n,atmosphere
die,Auswahl,-en,"choice, selection"
die,Beschreibung,-en,description
das,Boot,-e,boat
die,Einnahmen,Pl.,"income, receipts, revenue"
die,Erkrankung,-en,"illness, disease"
die,Fläche,-n,"area, surface"
der,Flughafen,-",airport
das,Gehirn,-e,brain
die,Gesundheit,Sg.,health
der,Park,-s,park
der,PC,Sg.,computer
die,Physik,Sg.,physics
die,Post,-en,"mail, post office"
die,Saison,-s,season
die,Stirn,-en,forehead
die,Strategie,-n,strategy
der,Wechsel,-,change
der,Alltag,Sg.,"workday, daily routine"
der,Auftritt,-e,"appearance, entrance"
der,Bahnhof,-"e,railway station
der,Bundeskanzler,-,federal chancellor
die,Demokratie,-n,democracy
die,Erwartung,-en,expectation
das,Fahrzeug,-e,vehicle
die,Fotografie,-n,photography
der,Hersteller,-,"manufacturer, producer"
das,Holz,-"er,wood
das,Knie,-,knee
die,Kombination,-en,combination
die,Liste,-n,list
das,Niveau,-s,"level, standard"
der,Pfarrer,-,pastor
das,Schicksal,-e,fate
die,Schrift,-en,"script, handwriting"
der,Standort,-e,"site, location"
der,Verlag,-e,publishing company
der,Zeltraum,Sg.,period of time
die,Abteilung,-en,department
der,Beweis,-e,"proof, evidence"
das,Detail,-s,detail
die,Dimension,-en,dimension
der,Forscher,-,researcher
die,Integration,-en,integration
die,Kasse,-n,"cash register, checkout"
die,Kategorie,-n,category
der,Organismus,die Organismen,organism
das,Radio,-s,radio
der,Unfall,-"e,accident
die,Verbesserung,-en,improvement
die,Verpflichtung,-en,"commitment, obligation"
das,Abitur,-e,"school leaving exam, A levels"
der,Bedarf,-e,"need, demand"
die,Beratung,-en,"advice, discussion, consultation"
die,Beschäftigung,-en,"employment, job, activity, occupation"
die,Betrachtung,-en,"contemplation, examination"
das,Frühjahr,-e,spring
das,Gewicht,-e,weight
der,Journalist,-en,journalist
die,Kompetenz,-en,"competence, authority"
das,Lebensmittel,-,food
der,Mittelpunkt,-e,"midpoint, center of focus"
der,Spiegel,-,mirror
der,Strand,-"e,beach
die,Treppe,-n,stairs
das,Vermögen,-,"assets, fortune, ability"
das,Wesen,-,"being, creature, nature"
die,Arbeitslosigkeit,Sg.,unemployment
die,Beobachtung,-en,observation
der,Bestandteil,-e,component
die,Beteiligung,-en,participation
die,Bewertung,-en,assessment
die,Bezeichnung,-en,"name, term"
die,Brücke,-n,bridge
die,CD,-s,CD
der,Gebrauch,-"e,use
der,Geschäftsführer,-,manager
die,Lippe,-n,lip
der,Ministerpräsident,-en,"governor, minister, president"
der,Nutzen,Sg.,"benefit, profit, use"
der,Ruf,-e,"reputation, call"
das,Signal,-e,signal
der,Standard,-s,standard
der,Start,-s,"star, starling"
die,Substanz,-en,substance
die,Taste,-n,"key, button"
das,Teilchen,-,particle
die,Versicherung,-en,"insurance, assurance"
die,Vorbereitung,-en,preparation
der,Vordergrund,-"e,foreground
der,Anwalt,-"e,"attorney, lawyer"
das,Experiment,-e,experiment
der,Glauben,Sg.,"faith, belief"
der,Grundsatz,-"e,principle
die,Komponente,-n,component
die,Oberfläche,-n,surface
das,Reich,-e,"empire, kingdom"
das,Rennen,-,race
der,Schlag,-"e,blow
der,Schuh,-e,shoe
das,Seminar,-e,seminar
die,Sendung,-en,broadcast
die,Spannung,-en,"suspense, tension"
die,Technologie,-n,technology
die,Truppe,-n,"troops, unit"
das,Umfeld,-er,milieu
der,Verbraucher,-,consumer
der,Verkauf,-"e,sale
das,Viertel,-,"quarter, district"
das,Vorjahr,-e,previous year
die,Bilanz,-en,balance sheet
das,Erlebnis,-se,experience
das,Grundstück,-e,plot of land
die,Identität,-en,identity
die,Kamera,-s,camera
der,Kanal,-"e,"canal, channel"
die,Karriere,-n,career
der,Kredit,-e,credit
das,Quartal,-e,quarter of the year
das,Rad,-"er,wheel
der,Rechner,-,"computer, calculator"
der,Schlaf,-"e,sleep
der,Sender,-,broadcasting station
das,Tal,-"er,valley
die,Tiefe,-n,depth
das,TV,Sg.,TV
der,Verlauf,-"e,course
die,Zigarette,-n,cigarette
der,Aktionär,-e,shareholder
der,Atem,Sg.,breath
die,Auffassung,-en,point of view
der,Bewohner,-,"inhabitant, occupant"
der,Charakter,-e,character
das,Einkommen,-,income
die,Erziehung,Sg.,"upbringing, education"
die,Geburt,-en,birth
die,Halle,-n,hall
die,Herausforderung,-en,challenge
die,Informationstechnologie,-n,information technology
der,Mittag,-e,"noon, midday"
die,Niederlage,-n,defeat
die,Norm,-en,norm
die,Reform,-en,reform
das,Restaurant,-s,restaurant
der,Schauspieler,-,actor
der,Schnee,Sg.,snow
die,Schülerin,-nen,schoolgirl
der,Service,-s,service
die,Sitzung,-en,"meeting, session"
der,Sturm,-"e,storm
die,Träne,-n,tear
die,Trauer,Sg.,grief
der,Vorstand,-"e,"board, chairperson"
der,Zufall,-"e,"chance, coincidence"
die,Zustimmung,-en,approval
der/die,Angehörige,-,"member, relative"
die,Annahme,-n,"acceptance, assumption"
das,Argument,-e,argument
das,Arzneimittel,-,medicine
der,Außenminister,-,foreign minister
der,Benutzer,-,user
der,Bescheid,-e,"information, reply"
die,Blume,-n,flower
die,Bundeswehr,Sg.,Armed Forces
die,Disziplin,-en,discipline
die,Existenz,-en,existence
die,Fraktion,-en,parliamentary party
das,Grundgesetz,-e,basic law
der,Händler,-,"trader, dealer, retailer"
der,Hinblick,Sg.,view
das,Individuum,die Individuen,individual
die,Katastrophe,-n,catastrophe
das,Motiv,-e,motive
der,Musiker,-,musician
die,Opposition,-en,opposition
der,Papa,-s,daddy
das,Personal,-e,staff
der,Sand,-e,sand
die,Station,-en,station
die,Tendenz,-en,trend
das,Training,-s,training
die,Umsetzung,-en,"transfer, implementation"
der,Verkäufer,-,salesman
die,Versorgung,-en,"supply, care"
der,Wandel,Sg.,change
das,Wunder,-,miracle
die,Angelegenheit,-en,"matter, affair"
die,Auskunft,-"e,information
das,Ausmaß,-e,"extent, size"
die,Begründung,-en,"explanation, justification"
das,Engagement,-s,commitment
die,Entfernung,-en,distance
der,Fleck,-e,stain
die,Handlung,-en,"action, plot"
das,Immunsystem,-e,immune system
der,Koffer,-,suitcase
die,Not,-"e,"need, trouble"
die,Persönlichkeit,-en,"personality, celebrity"
der,Schlüssel,-,key
der,Schreibtisch,-e,desk
die,Seele,-n,"soul, mind"
der,Unternehmer,-,employer
die,Unternehmung,-en,"undertaking, venture"
die,Vereinbarung,-en,agreement
das,Video,-s,video
die,Wahrnehmung,-en,perception
der/die,Angestellte,-,employee
die,Äußerung,-en,comment
die,Begegnung,-en,"encounter, meeting"
das,Café,-s,coffee house
die,Datei,-en,data file
die,Dienstleistung,-en,service
die,Erzählung,-en,"narration, story"
die,Ferne,-n,distance
das,Gedicht,-e,poem
die,Gründung,-en,foundation
der,Keller,-,cellar
das,Konto,die Konten,account
die,Operation,-en,operation
die,Qualifikation,-en,qualification
die,Sammlung,-en,collection
die,Tonne,-n,"ton, barrel"
der,Träger,-,"holder, responsible body"
der,Trend,-s,trend
die,Variante,-n,"variant, variation"
der/die,Verwandte,-,relative
die,Vielfalt,Sg.,diversity
die,Vielzahl,Sg.,multitude
die,Zahlung,-en,payment
der,Arbeiter,-,worker
der,Aufwand,-"e,"expense, effort"
die,Aufwendungen,Pl.,expenditure
der,Bauch,-"e,belly
die,Berechnung,-en,calculation
der,Bestandteil,-e,"continuation, stock, supply"
das,Entwicklungsland,-"er,developing nation
der,Entwurf,-"e,"sketch, design, draft"
die,Fachhochschule,-n,technical college
der,Fernseher,-,television
die,Finanzierung,-en,financing
die,Hose,-n,"trousers, pants"
der,Impuls,-e,"stimulus, impulse"
das,Kapital,Sg.,capital
der,Kern,-e,"seed, core, nucleus"
der,Motor,-en,"motor, engine"
der,Rang,-"e,"standing, status"
der,Regisseur,-e,director
die,Republik,-en,republic
das,Salz,Sg.,salt
der,Stil,-e,style
die,Vermittlung,-en,"negotiation, placement"
der,Wahlkampf,-en,election campaign
die,Wolke,-n,cloud
der,Zahn,-"e,tooth
die,Anstrengung,-en,effort
die,Behinderung,-en,"obstruction, handicap"
die,Berücksichtigung,-en,consideration
der,Bord,-e,board
der,Dichter,-,"writer, poet"
der,Eingriff,-e,"intervention, interference"
der,Einwohner,-,inhabitant
der,Fan,-s,"fan, supporter"
die,Hütte,-n,"hut, cabin"
die,Kooperation,-en,cooperation
die,Stasi,Sg.,state security service
das,Symbol,-e,symbol
der,Täter,-,"culprit, perpetrator"
die,Tour,-en,"tour, trip"
die,Trennung,-en,separation
die,Übertragung,-en,"transmission, broadcast"
die,Verfassung,-en,constitution
die,Zeitschrift,-en,"magazine, journal"
die,Absicht,-en,intention
der,Architekt,-en,architect
die,Aufmerksamkeit,-en,attention
der,Beschluss,-"e,"decision, resolution"
die,Bibel,-n,bible
die,Bindung,-en,"relationship, attachment"
die,Börse,-n,stock market
das,Business,Sg.,business
der,Ehegatte,-n,husband
die,Einschätzung,-en,"opinion, assessment, evaluation"
das,Elektron,-en,electron
die,Entstehung,-en,origin
die,Erweiterung,-en,"expansion, extension"
der,Feind,-e,enemy
die,Flucht,-en,"flight, escape"
der,Flüchtling,-e,refugee
das,Geschlecht,-er,"sex, gender"
das,Gewissen,-,conscience
der,Gläubiger,-,"creditor, believer"
der,Griff,-e,"handle, grip, grasp"
der,Halt,-e,"stop, hold"
das,Hemd,-en,shirt
die,Infektion,-en,infection
der,Kindergarten,-",nursery school
das,Klima,-ta,climate
der,Kontinent,-e,continent
die,Kündigung,-en,"termination, notice of dismissal"
der,Mantel,-",coat
das,Marketing,Sg.,marketing
der,Mister,Sg.,mister
der,Mut,Sg.,courage
die,Nebenwirkung,-en,side effect
die,Oper,-n,opera
das,Orchester,-,orchestra
das,Paket,-e,"parcel, package"
die,Ressource,-n,resource
die,Revolution,-en,revolution
die,Richtlinie,-n,guideline
die,Rückkehr,Sg.,return
die,Scheibe,-n,"disc, slice, glass pane"
die,Stille,Sg.,"peace, silence"
der,Stress,-e,stress
die,These,-n,thesis
der,Transport,-e,transportation
der,Übergang,-"e,"crossing, transition"
das,Vorbild,-er,"model, example"
das,Vorgehen,Sg.,action
der,Widerspruch,-"e,"contradiction, dissent"
die,Wüste,-n,desert
der,Alkohol,-e,alcohol
die,Anerkennung,-en,recognition
der,Aufenthalt,-e,"stay, residence"
die,Aussicht,-en,"prospect, view"
der,Ball,-"e,ball
die,Bemerkung,-en,"remark, comment"
der,Besitz,-e,"property, possession"
die,Chemie,-n,chemistry
die,Distanz,-en,distance
das,Ei,-er,egg
die,Frist,-en,"time period, deadline"
das,Geschenk,-e,gift
die,Gestaltung,-en,"design, organization"
das,Heim,-e,home
der,Höhepunkt,-e,"high point, peak"
der,Horizont,-e,horizon
die,Konferenz,-en,conference
das,Kreuz,-e,cross
die,Notwendigkeit,-en,necessity
das,Organ,-e,organ
die,Presse,-n,press
die,Rechtsprechung,-en,jurisdiction
das,Regal,-e,shelf
der,Ring,-e,ring
die,Übung,-en,"exercise, practice"
der,Vortrag,-"e,lecture
die,Zeile,-n,line
die,Ausführung,-en,"implementation, type"
der,Besitzer,-,owner
das,Center,-,center
der,Eingang,-"e,entrance
die,Erscheinung,-en,"phenomenon, appearance"
die,Ferien,Pl.,"holiday, vacation"
der,Flug,-"e,flight
die,Fragestellung,Sg.,problem
die,Freundschaft,-en,friendship
das,Frühstück,-e,breakfast
das,Gehalt,-"er,salary
der,Gehalt,-"er,"meaning, contents"
das,Geheimnis,-se,secret
das,Geräusch,-e,"sound, noise"
der,Geschmack,-"er,taste
das,Gold,Sg.,gold
der,Hafen,-",harbor
der,Hut,-"e,hat
die,Hut,-"e,care
die,Interpretation,-en,interpretation
die,Klage,-n,"complaint, lawsuit"
die,Klinik,-en,"clinic, hospital"
die,Lehrerin,-nen,teacher
die,Marke,-n,"brand, stamp"
das,Medikament,-e,"medicine, drug"
die,Miete,-n,rent
das,Öl,-e,oil
der,Pass,-"e,"pass, passport"
die,Phantasie,-n,"imagination, fantasy"
die,Prognose,-n,prognosis
das,Protein,-e,protein
das,Protokoll,-e,"minutes, record"
der,Schreck,-e,"fright, shock"
die,Serie,-n,series
der,Tee,-s,tea
der,Turm,-"e,tower
die,Überzeugung,-en,conviction
die,Vorgabe,-n,guideline
das/die,Weihnachten,-,Christmas
die,Wende,-n,change
die,Abhängigkeit,-en,dependence
der,Arbeitsmarkt,-"e,labor market
der,Ärger,Sg.,"annoyance, trouble"
der,Austausch,-e,exchange
die,Betreuung,Sg.,care
die,Bombe,-n,bomb
der,Dialog,-e,dialogue
die/das,E-Mail,-s,e-mail
die,Entschuldigung,-en,"apology, excuse"
die,Erhöhung,-en,increase
das,Gas,-e,gas
das,Gen,-e,gene
die,Hitze,Sg.,heat
die,Kindheit,-en,childhood
das,Klavier,-e,piano
die,Konzentration,-en,concentration
der,Leib,-er,body
der,Maler,-,painter
die,Menschheit,Sg.,humanity
die,Milch,-en,milk
der,Mord,-e,murder
der,Pilot,-en,pilot
das,Resultat,-e,result
der,Riese,-n,giant
der,Stock,-"e,"stick, floor"
die,Strafe,-n,punishment
der,Übersetzer,-,translator
das,Ufer,-,"shore, bank"
die,Umfrage,-n,survey
das,Baby,-s,baby
das,City,-s,city center
die,Differenz,-en,difference
die,Dunkelheit,-en,darkness
das,Dutzend,-e,dozen
das,Eis,-,"ice, ice cream"
der,Empfang,-"e,reception
der,Empfänger,-,recipient
die,Ernährung,Sg.,"food, diet"
der,Gesichtspunkt,-e,point of view
die,Großmutter,-",grandmother
die,Herkunft,-"e,origin
die,Hochzeit,-en,wedding
der,Hunger,Sg.,hunger
die,Konjunktur,-en,state of the economy
der,Konkurrent,-en,competitor
die,Last,-en,"load, burden"
das,Lebensjahr,-e,year of one's life
das,Medium,die Medien,medium
die,Mischung,-en,mixture
das,Muster,-,"pattern, model"
der,Nachfolger,-,successor
die,Note,-n,"note, grade"
der,Onkel,-,uncle
das,Potenzial,-e,potential
der,Protest,-e,protest
der,Reiz,-e,"stimulus, appeal"
der,Rohstoff,-e,raw material
der,Sachverhalt,-e,facts
der,Schuss,-"e,shot
die,Sicherung,-en,"protection, fuse"
der,Sieger,-,winner
die,Statistik,-en,statistics
die,Strahlung,-en,radiation
das,Taxi,-s,taxi
das,Turnier,-e,tournament
die,Übernahme,-n,takeover
die,Verarbeitung,-en,processing
die,Veröffentlichung,-en,publication
die,Verteilung,-en,distribution
die,Wiedervereinigung,-en,reunification
der,Witz,-e,joke
der,Abschied,-e,"departure, parting"
die,Benutzung,-en,use
die,Beurteilung,-en,judgement
der,Bewerber,-,applicant
das,Defizit,-e,deficit
die,Einschränkung,-en,restriction
die,Ermittlung,-en,investigation
der,Ertrag,-"e,yield
der,Flur,-e,"hall, corridor"
das,Format,-e,format
der,Held,-en,hero
die,Herstellung,-en,production
der,Kaiser,-,emperor
die,Kammer,-n,small room
die,Kette,-n,chain
die,Kleidung,-en,clothes
die,Kneipe,-n,"pub, bar"
der,Kritiker,-,critic
die,Küste,-n,coast
das,Messer,-,knife
die,Messung,-en,"measuring, measurement"
das,Motto,-s,motto
der,Nutzer,-,user
der,Passagier,-e,passenger
die,Premiere,-n,opening night
die,Probe,-n,"sample, test, rehearsal"
der,Quadratmeter,-,square meter
der,Saal,-",hall
die,Schwäche,-n,weakness
der,Sektor,-en,sector
der,Sprung,-"e,jump
das,Symptom,-e,symptom
das,Tennis,Sg.,tennis
das,Top,-s,top
das,Tuch,-"er,cloth
die,Überraschung,-en,surprise
die,Übersetzung,-en,translation
die,Verbreitung,-en,spread
das,Virus,die Viren,virus
das,Vorhaben,-,"plan, project"
die,Vorlage,-n,"draft, model"
die,Wärme,Sg.,"warmth, heat"
die,Werbung,-en,advertising
die,Wiese,-n,meadow
das,Zelt,-e,tent
der,Anhänger,-,"supporter, trailer"
die,Anzeige,-n,"display, advertisement"
die,Aufklärung,-en,"enlightenment, solution"
die,Auflösung,-en,"dissolving, breaking up"
die,Bestellung,-en,"order, reservation"
der,Bude,-n,boy
das,Bündnis,-se,alliance
die,Burg,-en,castle
der,Dialekt,-e,dialect
die,Durchführung,-en,carrying out
die,Einigung,-en,agreement
die,Einsicht,-en,"view, insight"
das,Gedächtnis,-se,memory
das,Gefängnis,-se,gesture
die,Gleichung,-en,equation
die,Herrschaft,-en,"power, reign"
die,Infrastruktur,-en,infrastructure
der,Katalog,-e,catalogue
die,Meldung,-en,report
die,Mission,-en,mission
die,Mitteilung,-en,"communication, announcement"
die,Nahrung,-en,"nourishment, food"
der,Nebel,-,fog
der,Offizier,-e,officer
die,Oma,-s,grandma
die,Philosophie,-n,philosophy
die,Realisierung,-en,implementation
der,Schein,-e,"light, appearance, certificate"
der,Schnitt,-e,cut
die,Schnittstelle,-n,interface
die,Schulden,Pl.,debt
die,Sehnsucht,-"e,longing
der,Skandal,-e,scandal
das,Stadion,die Stadien,stadium
der,Tipp,-s,"tip, hint"
das,Wiedersehen,-,reunion
die,Wunde,-n,wound
die,Wurzel,-n,root
die,Zeuge,-n,witness
das,Zeugnis,-se,"report, testimonial"
der,Anblick,-e,sight
das,Anliegen,-,request
die,Anpassung,-en,adaptation
der,Anstieg,-e,"rise, increase"
das,Arbeitsamt,-"er,employment office
der,Befehl,-e,order
die,Bereitschaft,-en,willingness
die,Beschwerde,-n,complaint
der,Bogen,-","bow, arc, sheet"
die,Bundesliga,die Bundesligen,national sports division
die,Droge,-n,drug
die,Ehre,-n,honor
das,Eigentum,-"er,property
der,Einzelfall,-"e,"individual, case"
die,Epoche,-n,epoch
der,Erreger,-,"agent, virus, germ"
die,Feststellung,-en,"observation, remark"
die,Formulierung,-en,formulation
das,Gelände,-,"ground, site"
der/die,Geliebte,-,lover
die,Geschwister,-,siblings
das,Gramm,-e,gram
die,Inszenierung,-en,"production, staging"
der,Kapitän,-e,captain
die,Kiste,-n,"box, crate"
der,Knochen,-,bone
der,Kontext,-e,context
das,Kunstwerk,-e,work of art
das,Lebewesen,-,living being
der,Lastkraftwagen,-,truck
der,Lohn,-"e,"wage, pay, reward"
der,Magen,-",stomach
die,Mode,-n,fashion
der,Mörder,-,murderer
die,Öffnung,-en,"opening, hole"
die,Partie,-n,game
das,Rathaus,-"er,town hall
die,Reflexion,-en,reflection
die,Rente,-n,pension
die,Show,-s,show
die,Stiftung,-en,"foundation, institute, donation"
der,Teller,-,plate
die,Unterscheidung,-en,"differentiation, distinction"
die,Version,-en,version
der,Wähler,-,voter
die,Wechselwirkung,-en,interaction
der,Zettel,-,"piece of paper, note"
der,Zins,-en,interest
die,Zone,-n,zone
der,Abbau,-e,"reduction, decline, mining"
die,Agentur,-en,agency
die,Akademie,-n,academy
die,Anfrage,-n,"inquiry, request"
die,Aufführung,-en,performance
die,Auflage,-n,"edition, condition, plating"
der,Ausbau,-e,"extension, consolidation"
der,Bär,-en,bear
das,Bedenken,-,"concern, doubt"
der,Buchstabe,-n,letter
das,Dokument,-e,document
die,Einzelheit,-en,detail
die,Erfüllung,-en,fulfillment
der,Führer,-,"leader, guide"
die,Fusion,-en,"fusion, merger"
der,Geruch,-"e,smell
das,Gleichgewicht,-e,balance
der,Investor,-en,investor
der,Kerl,-e,"fellow, bloke"
die,Kollegin,-nen,colleague
der,Komponist,-en,composer
die,Kurve,-n,curve
das,Labor,-s,laboratory
der,Landkreis,-e,district
das,Märchen,-,fairy tale
das,Mittelalter,Sg.,Middle Ages
das,Möbel,-,piece of furniture
die,Moderne,Sg.,modern age
der,Nerv,-en,nerve
der,Ofen,-","oven, stove"
die,Pflege,Sg.,care
die,Plattform,-en,platform
der,Posten,-,"post, position"
der,Profi,-s,"pro, professional"
das,Regime,-,regime
der,Rock,-"e,"skirt, rock music"
der,Rücktritt,-e,resignation
der,Schrank,-"e,"cabinet, wardrobe"
die,Sekretärin,-nen,secretary
die,Solidarität,-en,solidarity
der,Sportler,-,athlete
die,Stabilität,Sg.,stability
der,Status,-,status
der,Staub,-"e,dust
der,Tanz,-"e,dance
der,Topf,-"e,pot
der,Überblick,-e,"view, overview"
die,Unsicherheit,-en,uncertainty
der,Vorhang,-"e,curtain
der,Winkel,-,"angle, corner"
das,Zitat,-e,"quotation, quote"
das,Abenteuer,-,adventure
die,Abgrenzung,-en,disassociation
der,Akt,-e,act
der,Akteur,-e,"player, actor"
die,Allianz,-en,alliance
die,Armut,Sg.,poverty
der,Ausgleich,-e,"balancing, compensation, change"
die,Begeisterung,-en,enthusiasm
der,Bezirk,-e,district
die,Diagnose,-n,diagnosis
das,Dunkel,Sg.,darkness
der,Durchmesser,-,diameter
die,Einladung,-en,invitation
die,Empfehlung,-en,recommendation
die,Eröffnung,-en,opening
der,Felsen,-,rock
die,Flüssigkeit,-en,liquid
das,Fräulein,-,"young lady, miss"
der,Friedhof,-"e,cemetery
die,Front,-en,front
die,Fülle,-n,abundance
das,Gebirge,-,mountains
das,Geschäftsjahr,-e,financial year
das,Gras,-"er,grass
die,Großstadt,-"e,"city, large town"
der,Hang,-"e,"slope, inclination"
der,Hügel,-,hill
der,Ingenieur,-e,engineer
der,Kongress,-e,"congress, convention"
der,Muskel,-n,muscle
der,Nachweis,-e,"proof, evidence, certificate"
die,Orientierung,-en,orientation
der,Personenkraftwagen,-,"car, auto"
der,Rhythmus,die Rhythmen,rhythm
die,Rücksicht,-en,consideration
der,Senat,-e,senate
die,Steuerung,-en,"control, steering"
der,Stolz,Sg.,pride
die,Teilnahme,-n,participation
das,Universum,die Universen,universe
die,Unterhaltung,-en,"entertainment, conversation"
die,Unterlagen,Pl.,documents
die,Vereinigung,-en,"organization, association, unification"
die,Vertretung,-en,"replacement, substitute"
die,Volkshochschule,-n,adult education center
die,Vorsicht,Sg.,caution
die,Wahrscheinlichkeit,-en,probability
die,Wange,-n,cheek
das,Werkzeug,-e,tool
die,Zeichnung,-en,drawing
die,Zunahme,-n,increase
die,Zwiebel,-n,"onion, bulb"
die,Ablehnung,-en,"refusal, rejection"
die,Abstimmung,-en,"vote, coordination"
die,Anordnung,-en,order
die,Anregung,-en,"stimulus, idea"
der,Aufsatz,-"e,essay
der,Backofen,-",oven
die,Bakterie,-n,bacterium
der,Befund,-e,results
die,Bemühung,-en,effort
der,Beobachter,-,observer
der,Berater,-,"advisor, consultant"
der,Betrachter,-,observer
das,Betriebssystem,-e,operating system
der,Bildschirm,-e,"screen, monitor"
die,Blüte,-n,blossom
die,Brille,-n,glasses
die,Datenverarbeitung,-en,data processing
der,Eigentümer,-,owner
die,Eintragung,Sg.,"entry, registration"
das,Ensemble,-s,ensemble
die,Enttäuschung,-en,disappointment
die,Faust,-"e,fist
das,Festival,-s,festival
die,Galerie,-n,gallery
das,Gemüse,-,vegetables
die,Genehmigung,-en,"approval, permit, permission"
der,Großvater,-",grandfather
die,Grundschule,-n,primary school
der,Hass,Sg.,hatred
die,Höhle,-n,cave
die,Innenstadt,-"e,"town center, downtown"
das,Kloster,-","monastery, convent"
die,Kohle,-n,coal
der,Konsument,-en,consumer
der,Lärm,Sg.,noise
der,Liter,-,liter
das,Lokal,-e,"pub, bar"
die,Malerei,-en,painting
der,Maßstab,-"e,"scale, yardstick, standard"
die,Materie,-n,matter
die,Münze,-n,coin
das,Netzwerk,-e,network
das,Praktikum,die Praktika,internship
der,Rückgang,-"e,"fall, decline"
der,Sack,-"e,sack
der,Schuldner,-,debtor
die,Sportart,-en,"type of sport, discipline"
der,Stamm,-"e,"trunk, stem, tribe"
der,Streifen,-,"stripe, strip"
die,Tasse,-n,cup
der,Teppich,-e,carpet
der,Teufel,-,devil
die,Überprüfung,-en,"screening, check, inspection"
der,Unsinn,Sg.,nonsense
das,Verbot,-e,"ban, prohibition"
die,Vermutung,-en,"assumption, presumption"
die,Versammlung,-en,"meeting, gathering, assembly"
die,Wäsche,-n,"washing, laundry"
die,Werkstatt,-"en,"workshop, garage"
die,Wirtschaftspolitik,-en,economic policy
das,Zeug,-e,stuff
die,Zunge,-n,tongue
der,Zwang,-"e,"force, pressure, compulsion"
das,Antibiotikum,die Antibiotika,antibiotic
die,Anweisung,-en,instruction
der,Anzug,-"e,suit
die,Architektur,-en,architecture
das,Atom,-e,atom
der,Aufstieg,-e,"climb, rise"
der,Ausflug,-"e,"outing, trip"
der,Ausgang,-"e,"exit, outcome, starting point"
die,Ausstattung,-en,"equipment, provision, furnishings"
die,Bearbeitung,-en,"working, handling"
die,Besonderheit,-en,"characteristic, specific, feature"
der,Betracht,Sg.,consideration
die,Biologie,Sg.,biology
die,Breite,-n,width
die,Butter,Sg.,butter
der,Champion,-s,champion
die,Differenzierung,-en,differentiation
der,Dirigent,-en,musical conductor
die,Entdeckung,-en,discovery
die,Erfindung,-en,invention
der,Ersatz,-"e,"replacement, compensation"
die,Feuerwehr,-en,fire brigade
das,Fieber,-,fever
die,Fluggesellschaft,-en,airline
die,Gebühr,-en,fee
das,Gepäck,Sg.,luggage
das,Gerücht,-e,rumor
der,Gesetzgeber,-,"legislator, legislature"
die,Gliederung,-en,"structure, organization"
das,Grab,-"er,grave
der,Grenzwert,-e,"limiting value, limit"
das,Handwerk,-e,"craft, trade"
das,Heft,-e,notebook
der,Helfer,-,"helper, accomplice"
die,Intelligenz,-en,intelligence
der,Jäger,-,hunter
die,Kartoffel,-n,potato
der,Käse,-,cheese
der,Klang,-"e,"sound, tone"
der,Kompromiss,-e,compromise
die,Königin,-nen,queen
die,Konstruktion,-en,"construction, design"
der,Kreislauf,-"e,circulation
die,Kugel,-n,"ball, sphere, bullet"
die,Kuh,-"e,cow
die,Leiche,-n,corpse
die,Leidenschaft,-en,passion
die,Leistungsfähigkeit,-en,"productivity, power"
die,Lieferung,-en,delivery
die,Liga,die Ligen,league
das,Milligramm,-e,milligram
der,Nachwuchs,Sg.,"offspring, new generation"
der,Nacken,-,neck
das,Olympia,Sg.,Olympics
der,Parteitag,-e,"party conference, convention"
die,Party,-s,party
der,Planet,-en,planet
der,Priester,-,priest
die,Problematik,-en,"problematic nature, problems"
die,Rezession,-en,recession
der,Salon,-s,"salon, drawing room"
die,Schauspielerin,-nen,actress
die,Schwangerschaft,-en,pregnancy
der,Schweiß,-e,sweat
die,Skala,-s,"scale, dial, range"
die,Spalte,-n,"fissure, cleft, column"
das,Spektrum,die Spektren,spectrum
die,Steckdose,-n,"socket, electrical outlet"
die,Tafel,-n,"board, table"
das,Tagebuch,-"er,diary
das,Talent,-e,talent
das,Tempo,die Tempi,"pace, speed"
die,Unruhe,-n,"restlessness, agitation"
die,Unterschrift,-en,signature
der,Ursprung,-"e,origin
das,Verbrechen,-,crime
das,Vergnügen,-,pleasure
die,Verhaltensweise,-n,behavior
der,Vermieter,-,landlord
die,Vernunft,Sg.,reason
die,Verordnung,-en,"prescription, order"
die,Villa,Sg.,villa
der,Vormittag,-e,morning
das,Wohnzimmer,-,living room
die,Zerstörung,-en,destruction
der,Zinssatz,Sg.,interest rate
die,Zulassung,-en,"admission, license"
die,Zusammensetzung,-en,composition
die,Abschreibung,-en,"deduction, depreciation"
die,Achse,-n,"axle, axis"
die,Anwesenheit,Sg.,presence
die,Aufregung,-en,excitement
die,Autobahn,-en,"expressway, motorway"
die,Batterie,-n,battery
das,Chaos,Sg.,chaos
die,Chefin,-nen,"director, boss"
der,Chip,-s,"chip, crisp"
der,Chor,-"e,"choir, chorus"
das,Design,-s,design
der,Dolmetscher,-,interpreter
der,Durchschnitt,-e,average
das,Ehepaar,-e,married couple
der,Einbruch,-"e,"break in, collapse"
der,Eintritt,-e,"entry, admission"
die,Erholung,-en,"recovery, relaxation, rest"
der,Europäer,-,European
die,Fabrik,-en,factory
die,Furcht,-"e,fear
die,Geduld,Sg.,patience
der,General,-"e,general
das,Getränk,-e,"drink, beverage"
das,Gewehr,-e,"rifle, shotgun"
das,Glied,-er,"limb, joint, link"
der,Graf,-en,"count, earl"
das,Gremium,die Gremien,committee
die,Gunst,Sg.,"goodwill, favor"
das,Gutachten,-,"report, reference"
der,Handwerker,-,"workman, tradesman"
die,Haustür,-en,front door
die,Hypothese,-n,hypothesis
die,Kassette,-n,"cassette, tape"
der,Kasten,-","box, crate"
der,Kommentar,-e,"comment, opinion"
die,Konzeption,-en,"concept, conception"
die,Kreativität,-en,creativity
das,Magazin,-e,"magazine, storehouse"
der,Marktanteil,-e,market share
die,Maus,-"e,mouse
das,Menschenrecht,-e,human right
der,Mieter,-,tenant
das,Militär,Sg.,military
die,Minderheit,-en,minority
das,Ministerium,die Ministerien,"ministry, department"
der,Mythos,die Mythen,"myth, legend"
die,Naturwissenschaft,-en,natural science
der,Parkplatz,-"e,parking place
die,Partnerschaft,-en,partnership
die,Periode,-n,period
das,Präparat,-e,"preparation, medication"
die,Provinz,-en,"province, provinces"
die,Rahmenbedingung,-en,"prevailing, condition"
der,Regierungschef,-s,head of government
die,Säule,-n,"column, pillar"
die,Scheidung,-en,divorce
die,Schönheit,-en,beauty
der,Spezialist,-en,specialist
die,Steigerung,-en,increase
der,Stellvertreter,-,deputy
die,Subvention,-en,subsidy
das,Ticket,-s,ticket
der,Tunnel,-,tunnel
die,Übersicht,-en,overview
die,Uniform,-en,uniform
das,Unrecht,Sg.,"injustice, wrong"
das,Vitamin,-e,vitamin
die,Volkswirtschaft,Sg.,national economy
die,Vorlesung,-en,lecture
die,Weiterbildung,-en,continuing education
die,Zielsetzung,Sg.,"target, objective"
der,Zucker,-,sugar
das,Abkommen,-,agreement
der,Absolvent,-en,graduate
die,Abwehr,-en,defense
der,Apfel,-",apple
die,Arbeitskraft,-"e,"work capacity, worker"
der,Assistent,-en,assistant
die,Auswertung,-en,"evaluation, analysis"
die,Bar,-s,bar
die,Bedrohung,-en,threat
die,Bekämpfung,-en,"fighting, controlling"
die,Beschränkung,-en,restriction
der,Block,-"e,block
das,Darlehen,-,loan
das,Datum,die Daten,date
die,Erhaltung,-en,"preservation, maintenance"
der,Erzähler,-,"storyteller, narrator"
der,Fachbereich,-e,"academic department, field"
die,Fachleute,Pl.,experts
die,Fakten,Pl.,facts
die,Fassung,-en,"version, composure, frame, socket"
der,Flügel,-,wing
das,Forum,die Foren,"forum, audience, public discussion"
die,Frequenz,-en,frequency
die,Frucht,-"e,fruit
die,Gerechtigkeit,-en,justice
der,Gipfel,-,"peak, summit"
der,Großteil,-e,"large part, majority"
der,Hörer,-,"listener, receiver"
das,Industrieland,-"er,industrialized country
die,Jacke,-n,jacket
die,Jagd,-en,"hunt, chase"
die,Jahreszeit,-en,season
die,Lampe,-n,lamp
die,Linse,-n,lens
die,Lücke,-n,gap
das,Metall,-e,metal
der,Missbrauch,-"e,"abuse, misuse"
die,Motivation,-en,motivation
die,Option,-en,option
der,Ordner,-,file
der,Ozean,-e,ocean
der,Physiker,-,physicist
die,Pistole,-n,pistol
die,Reichweite,-n,"reach, range"
die,Reparatur,-en,repair
der,Respekt,Sg.,respect
die,Rose,-n,rose
der,Rucksack,-"e,"rucksack, backpack"
der,Sänger,-,singer
die,Tablette,-n,"tablet, pill"
die,Tageszeitung,-en,daily newspaper
der,Therapeut,-en,therapist
der,Umzug,-"e,"move, parade"
der,Veranstalter,-,organizer
die,Verknüpfung,-en,"combination, link"
das,Vorfeld,-er,advance
der,Vorgänger,-,predecessor
die,Währung,-en,currency
der,Weltmeister,-,world champion
die,Wut,Sg.,"rage, fury"
die,Zuordnung,-en,"classification, assignment"
der,Zuwachs,-"e,increase
der,Abfall,-"e,"waste, trash"
die,Akte,-n,file
die,Anleihe,-n,"loan, bond, borrowing"
die,Arbeitszeit,-en,working hours
der,Aufsichtsrat,-"e,supervisory board
der,Ausgangspunkt,-e,starting point
die,Ausrichtung,-en,"orientation, organization"
der,Ausweis,-e,identity card
die,Beachtung,Sg.,"attention, consideration"
das,Diplom,-e,"degree, diploma"
der,Einblick,-e,insight
der,Engel,-,angel
die,Erfassung,-en,"recording, entry"
die,Fahne,-n,flag
die,Fakultät,-en,faculty
die,Fassade,-n,"facade, front"
die,Feier,-n,celebration
der,Frühling,-e,spring
der,Gemeinderat,Sg.,district council
das,Gewebe,-,"fabric, tissue"
der,Gruß,-"e,greeting
der,Jurist,-en,"jurist, law student"
die,Kerze,-n,candle
der,Koch,-"e,cook
die,Kommune,-n,"municipality, local authority"
die,Koralle,-n,coral
die,Krankenkasse,-n,"health insurance, company"
der,Kunststoff,-e,"synthetic material, plastic"
die,Landesregierung,-en,state government
die,Laune,-n,mood
das,Nahrungsmittel,-,food
der,Philosoph,-en,philosopher
der,Prinz,-en,prince
das,Profil,-e,profile
die,Relation,-en,"appropriateness, proportion, relation"
das,Riff,-e,reef
die,Schlange,-n,"snake, line"
das,Schwein,-e,pig
die,Selbstständigkeit,Sg.,independence
die,Siedlung,-en,"settlement, housing development"
der,Spruch,-"e,"saying, slogan"
die,Stellungnahme,-n,"opinion, statement"
der,Strahl,-en,"ray, beam"
die,Strömung,-en,"current, trend"
die,Verbindlichkeit,Sg.,"obligation, liability, reliability"
das,Volumen,-,"volume, total amount"
der,Zugriff,-e,access
der,Zuhörer,-,"listener, audience"
